,Country,ISO-3,ProductCount
1,France, FRA,8408
2,Australia, AUS,1185
3,Netherlands, NLD,2363
4,Germany, DEU,9042
5,Norway, NOR,1072
6,Switzerland, CHE,1967
7,Spain, ESP,2485
8,Poland, POL,330
9,Portugal, PRT,1501
10,Italy, ITA,758
11,Belgium, BEL,2031
12,Lithuania, LTU,35
13,Japan, JPN,321
14,Iceland, ISL,182
15,Denmark, DNK,380
16,Cyprus, CYP,614
17,Sweden, SWE,451
18,Finland, FIN,685
19,Austria, AUT,398
20,Bahrain, BHR,18
21,Israel, ISR,295
22,Greece, GRC,145
23,Hong Kong, HKG,284
24,Singapore, SGP,222
25,Lebanon, LBN,45
26,United Arab Emirates, ARE,68
27,Saudi Arabia, SAU,9
28,Czech Republic, CZE,25
29,Canada, CAN,151
30,Brazil, BRA,32
31,Malta, MLT,112
